<?xml version="1.0" encoding="UTF-8"?><rss version="2.0"
	xmlns:content="http://purl.org/rss/1.0/modules/content/"
	xmlns:wfw="http://wellformedweb.org/CommentAPI/"
	xmlns:dc="http://purl.org/dc/elements/1.1/"
	xmlns:atom="http://www.w3.org/2005/Atom"
	xmlns:sy="http://purl.org/rss/1.0/modules/syndication/"
	xmlns:slash="http://purl.org/rss/1.0/modules/slash/"
	>

<channel>
	<title>wordpress</title>
	<atom:link href="/ https://carljohn28.github.io/webportfolio/feed/" rel="self" type="application/rss+xml" />
	<link>/ https://carljohn28.github.io/webportfolio</link>
	<description>Just another WordPress site</description>
	<lastBuildDate>Sun, 20 Oct 2019 01:58:52 +0000</lastBuildDate>
	<language>en-US</language>
	<sy:updatePeriod>
	hourly	</sy:updatePeriod>
	<sy:updateFrequency>
	1	</sy:updateFrequency>
	<generator>https://wordpress.org/?v=5.7.2</generator>
	<item>
		<title>Hello world!</title>
		<link>/ https://carljohn28.github.io/webportfolio/2019/10/20/hello-world/</link>
					<comments>/ https://carljohn28.github.io/webportfolio/2019/10/20/hello-world/#comments</comments>
		
		<dc:creator><![CDATA[carljohn]]></dc:creator>
		<pubDate>Sun, 20 Oct 2019 01:58:52 +0000</pubDate>
				<category><![CDATA[Uncategorized]]></category>
		<guid isPermaLink="false">https://demo.wpoperation.com/arrival-me/?p=1</guid>

					<description><![CDATA[Welcome to WordPress. This is your first post. Edit or delete it, then start writing!]]></description>
										<content:encoded><![CDATA[
<p>Welcome to WordPress. This is your first post. Edit or delete it, then start writing!</p>
]]></content:encoded>
					
					<wfw:commentRss>/ https://carljohn28.github.io/webportfolio/2019/10/20/hello-world/feed/</wfw:commentRss>
			<slash:comments>1</slash:comments>
		
		
			</item>
	</channel>
</rss>
